created_at,language,likes,retweets,text
2020-06-17 03:27:56,en,123212.0,18568.0,96% Approval Rating in the Republican Party. Thank you!
2020-06-17 02:45:33,und,0.0,7942.0,RT @TONYxTWO: @thejtlewis @JoeBiden https://t.co/SxzJCZ0BSi
2020-06-17 02:38:20,en,0.0,23815.0,"RT @thejtlewis: ‚ÄúTrump isn‚Äôt going to accept the 2020 election results,‚Äù shout the people who still haven‚Äôt accepted the 2016 election resu‚Ä¶"
2020-06-17 02:37:01,en,0.0,6781.0,"RT @thejtlewis: With the utmost respect, I thank President @realDonaldTrump for his leadership on the Federal School Safety Report, and for‚Ä¶"
2020-06-17 02:31:11,en,56840.0,14231.0,A GREAT woman. Her son is looking down from heaven &amp; is very proud of his wonderful &amp; loving mom!!! https://t.co/ZzKUbjlOOT
2020-06-17 02:22:23,en,0.0,4600.0,RT @JaRonSmith45: ‚ÄúWhat speaks louder than anything are the words of the executive order. It accounted for ways that we can reform our syst‚Ä¶
2020-06-17 01:20:31,und,0.0,10223.0,RT @DanScavino: https://t.co/wmHpSgCWoL
2020-06-17 01:20:16,en,0.0,4103.0,"RT @SecondLady: Congratulations to Kathy Lueders, a trailblazing engineer and dedicated public servant who has been selected as the first w‚Ä¶"
2020-06-17 01:18:57,en,0.0,23660.0,RT @realDonaldTrump: Our testing is so much bigger and more advanced than any other country (we have done a great job on this!) that it sho‚Ä¶
2020-06-17 01:18:39,en,0.0,24112.0,RT @Jim_Jordan: Why the double standard?
2020-06-17 01:18:22,en,0.0,53343.0,"RT @realDonaldTrump: The Far Left Fake News Media, which had no Covid problem with the Rioters &amp; Looters destroying Democrat run cities, is‚Ä¶"
2020-06-17 01:18:10,en,0.0,49665.0,"RT @realDonaldTrump: Almost One Million people request tickets for the Saturday Night Rally in Tulsa, Oklahoma!"
2020-06-17 01:17:58,en,0.0,54697.0,"RT @realDonaldTrump: I‚Äôve done more in less than 4 years than Biden‚Äôs done in more than 40 years, including for Black America. Biden has be‚Ä¶"
2020-06-17 01:17:04,en,0.0,46836.0,RT @realDonaldTrump: Many Democrats want to Defund and Abolish Police Departments. HOW CRAZY!
2020-06-17 01:16:20,en,104808.0,18843.0,True! https://t.co/E8Fy0zuKQB
2020-06-17 01:15:55,en,0.0,67932.0,RT @realDonaldTrump: Interesting how ANTIFA and other Far Left militant groups can take over a city without barely a wimpier from soft Do N‚Ä¶
2020-06-17 01:15:43,en,0.0,49532.0,RT @realDonaldTrump: Does anyone notice how little the Radical Left takeover of Seattle is being discussed in the Fake News Media. That is‚Ä¶
2020-06-17 01:15:24,en,0.0,27387.0,RT @IvankaTrump: Happy Birthday ‚Å¶@realDonaldTrump‚Å©! Love you! üíõ https://t.co/hMEVRMC3W5
2020-06-17 01:15:10,en,0.0,18962.0,RT @EricTrump: Jupiter Florida Trump 2020 Boat Parade!!!  Happy Birthday @realDonaldTrump https://t.co/LZam4a6i15
2020-06-16 23:45:12,en,29615.0,8350.0,.@LyndaBennettNC has my Complete &amp; Total Endorsement. She is a great fighter &amp; ally in North Carolina. Lynda is Str‚Ä¶ https://t.co/OhZ7JrSORq
2020-06-16 23:25:58,en,36257.0,10147.0,Congressman @LeeZeldin is a fighter for New York! He serves our Country in the Army Reserve &amp; works hard for our Ve‚Ä¶ https://t.co/S7Slk5tnR2
2020-06-16 23:18:17,en,28674.0,8182.0,Chris Jacobs (@JacobsNY27) will be a tremendous Congressman who will always fight for New York. He is Strong on the‚Ä¶ https://t.co/qAKdAhKGuo
2020-06-16 19:20:42,und,109281.0,27113.0,https://t.co/Xdf1LYKu2i
2020-06-16 19:15:07,en,0.0,9487.0,"RT @WhiteHouse: ""To go forward, we must seek cooperation‚Äînot confrontation. We must build upon our heritage‚Äînot tear it down."" https://t.co‚Ä¶"
2020-06-16 19:14:59,en,0.0,8955.0,"RT @WhiteHouse: ""In order to make real progress on public safety, we have to break old patterns of failure.

Many of the same politicians n‚Ä¶"
2020-06-16 19:14:40,en,0.0,8226.0,RT @WhiteHouse: President @realDonaldTrump stands against radical efforts to defund police departments. https://t.co/JHjzrFuqN3
2020-06-16 19:14:40,en,0.0,10013.0,"RT @WhiteHouse: President @realDonaldTrump announces ""historic action to deliver a future of safety and security for Americans of every rac‚Ä¶"
2020-06-16 16:17:37,en,0.0,8508.0,RT @WhiteHouse: LIVE: Remarks on Safe Policing for Safe Communities https://t.co/86grjrXmZm
2020-06-16 12:39:02,en,213243.0,42443.0,"Wow! May retail sales show biggest one-month increase of ALL TIME, up 17.7%. Far bigger than projected. Looks like‚Ä¶ https://t.co/HPVYP6Z0ft"
2020-06-16 03:48:53,en,0.0,48666.0,RT @realDonaldTrump: LAW &amp; ORDER!
2020-06-16 03:48:48,en,176281.0,31749.0,So true! https://t.co/E8Fy0zuKQB
2020-06-16 03:47:34,en,0.0,24539.0,"RT @realDonaldTrump: ‚ÄúWe have greater confidence in our call for a V-shaped recovery, given recent upside surprises in growth data and poli‚Ä¶"
2020-06-16 03:47:24,en,0.0,19580.0,RT @realDonaldTrump: ‚ÄúTrump team should get 'a lot of credit' for fast coronavirus stimulus: CBO‚Äù https://t.co/TGVxgIfTAa
2020-06-15 21:09:09,en,88649.0,19580.0,‚ÄúTrump team should get 'a lot of credit' for fast coronavirus stimulus: CBO‚Äù https://t.co/TGVxgIfTAa
2020-06-15 21:08:55,en,121286.0,24539.0,"‚ÄúWe have greater confidence in our call for a V-shaped recovery, given recent upside surprises in growth data and p‚Ä¶ https://t.co/8KtVRlPxaN"
2020-06-15 14:19:56,en,289685.0,48666.0,LAW &amp; ORDER!
2020-06-15 14:19:22,en,0.0,86655.0,RT @realDonaldTrump: THE SILENT MAJORITY IS STRONGER THAN EVER!!!
2020-06-15 14:14:26,en,121888.0,23660.0,Our testing is so much bigger and more advanced than any other country (we have done a great job on this!) that it‚Ä¶ https://t.co/cNppD2vPKY
2020-06-15 14:02:15,en,203592.0,53343.0,"The Far Left Fake News Media, which had no Covid problem with the Rioters &amp; Looters destroying Democrat run cities,‚Ä¶ https://t.co/7sjb79EXpZ"
2020-06-15 13:28:03,en,266568.0,49665.0,"Almost One Million people request tickets for the Saturday Night Rally in Tulsa, Oklahoma!"
2020-06-15 12:43:39,en,244514.0,54697.0,"I‚Äôve done more in less than 4 years than Biden‚Äôs done in more than 40 years, including for Black America. Biden has‚Ä¶ https://t.co/feRDq8cNu2"
2020-06-15 02:54:31,en,254515.0,46836.0,Many Democrats want to Defund and Abolish Police Departments. HOW CRAZY!
2020-06-15 01:36:05,en,0.0,101113.0,RT @DonaldJTrumpJr: RT if you want to see General Flynn sue the FBI and it‚Äôs corrupt actors for all they‚Äôre worth and at the same time brin‚Ä¶
2020-06-14 21:54:50,en,469101.0,86655.0,THE SILENT MAJORITY IS STRONGER THAN EVER!!!
2020-06-14 20:47:02,en,263311.0,67932.0,Interesting how ANTIFA and other Far Left militant groups can take over a city without barely a wimpier from soft D‚Ä¶ https://t.co/UGMttrVuSh
2020-06-14 20:34:35,en,198365.0,49532.0,Does anyone notice how little the Radical Left takeover of Seattle is being discussed in the Fake News Media. That‚Ä¶ https://t.co/FZWCrLQ1y4
2020-06-14 14:23:27,und,108839.0,26338.0,https://t.co/gjBMFDbUps
2020-06-14 14:22:30,en,0.0,12586.0,RT @DeptofDefense: First to fight! Happy birthday to the @USArmy. Fighting ‚Äòtil the battle is won. Thank you for rolling along for 245 year‚Ä¶
2020-06-14 14:22:17,en,0.0,17611.0,"RT @USArmy: Today, we recognize 245 years of bravery, commitment, skill and answering the call to serve. 

We are America's Army.

#ArmyBda‚Ä¶"
2020-06-14 13:18:09,en,0.0,25909.0,"RT @ErrolWebber: America is better for having you as @POTUS, @realDonaldTrump!

#HappyBirthdayTrump https://t.co/Rv1eD10sqA"
2020-06-14 13:15:52,en,0.0,20513.0,"RT @mikandynothem: Happy Birthday Mr. President!
America is blessed beyond measure to have you in the White House. You're promoting all tha‚Ä¶"
2020-06-14 13:15:03,en,99677.0,16823.0,Thank you Philip! https://t.co/jGspqbtSgL
2020-06-14 13:12:04,en,64288.0,16478.0,"Michael Moore: I‚Äòm ‚ÄòBegging‚Äò Dems -- Don‚Äòt Underestimate White Male Trump Supporter‚Äòs ‚ÄòRage,‚Äò ‚ÄòEmotion‚Äò‚Ä¶ https://t.co/Nea09C1mUp"
2020-06-14 03:39:12,en,0.0,9472.0,"RT @markknoller: ""You became brothers &amp; sisters pledging allegiance to the same timeless principles, joined together in a common mission: t‚Ä¶"
2020-06-14 03:39:05,en,0.0,6185.0,"RT @markknoller: Pres begins Commencement Address to graduating cadets, ‚ÄúWe are here to celebrate your achievements, and great achievements‚Ä¶"
2020-06-14 03:38:48,en,0.0,7824.0,RT @markknoller: Pres escorted on stage and salutes as Star Spangled Banner is played. https://t.co/b44djk1rlD
2020-06-14 03:37:46,en,0.0,8393.0,"RT @markknoller: Pres Trump and Gen Williams giving more than 500 salutes to members of the Class of 2020, most of the 1,107 grads receivin‚Ä¶"
2020-06-14 03:27:27,en,0.0,12018.0,"RT @GoArmyWestPoint: Flyover + Hat Toss = Celebration.

#GoArmy | #USMA2020 | #WithVisionWeLead https://t.co/SJMDIxoBon"
2020-06-14 03:26:00,en,123096.0,23557.0,A great day at West Point! https://t.co/oJyXsI8RG6
2020-06-14 02:57:43,en,283329.0,44489.0,"The ramp that I descended after my West Point Commencement speech was very long &amp; steep, had no handrail and, most‚Ä¶ https://t.co/lhdZUXSWee"
2020-06-13 22:52:45,en,0.0,8813.0,"RT @SenatorTimScott: Despite the challenges ahead of us, we are still the greatest. I'm very optimistic we will find a path forward. #JUSTI‚Ä¶"
2020-06-13 22:47:06,en,0.0,14199.0,RT @AmberSmithUSA: Fantastic and motivating speech by @realDonaldTrump to the West Point Class of 2020. Congratulations to the Army‚Äôs newes‚Ä¶
2020-06-13 22:46:32,en,0.0,7056.0,RT @AlexBerenson: Is it just me or is that the best speech Trump has ever given?
2020-06-13 22:45:43,en,0.0,10869.0,"RT @debrajsaunders: ‚ÄúWe will only fight to win.‚Äù
-Trump at West Point"
2020-06-13 21:19:41,en,0.0,44841.0,"RT @mattgaetz: I‚Äôd rather the US not have a soccer team than have a soccer team that won‚Äôt stand for the National Anthem. 

You shouldn‚Äôt g‚Ä¶"
2020-06-13 21:19:13,en,0.0,11660.0,"RT @dcexaminer: ""You shouldn‚Äôt get to play under our flag as our national team if you won‚Äôt stand when it is raised.""

@MattGaetz suggests‚Ä¶"
2020-06-13 21:17:58,en,113461.0,30119.0,"And it looks like the NFL is heading in that direction also, but not with me watching! https://t.co/aGfBaK7RNA"
2020-06-13 21:13:22,en,120520.0,24650.0,I won‚Äôt be watching much anymore! https://t.co/s8nCg9EJSW
2020-06-13 21:12:20,en,41562.0,10332.0,Tonight at 9:00 P.M. (Eastern). https://t.co/8LYU9GLoTj
2020-06-13 21:09:49,en,0.0,11964.0,"RT @WhiteHouse: ""For the first time in history, half of the senior leaders of the National Security Council are women."" üá∫üá∏  https://t.co/1g‚Ä¶"
2020-06-13 21:09:38,en,0.0,26788.0,RT @JackPosobiec: BREAKING: Group of Antifa holds down a street preacher as he screams ‚ÄòYou‚Äôre choking me‚Äô in Seattle Autonomous Zone https‚Ä¶
2020-06-13 21:09:23,en,0.0,32588.0,"RT @realDonaldTrump: On behalf of our entire nation, CONGRATULATIONS to the incredible West Point Class of 2020! https://t.co/mXBXmRDBbP"
2020-06-13 21:08:08,und,0.0,10933.0,RT @thejtlewis: @realDonaldTrump https://t.co/W7L9kCZK3T
2020-06-13 20:33:31,en,152238.0,32588.0,"On behalf of our entire nation, CONGRATULATIONS to the incredible West Point Class of 2020! https://t.co/mXBXmRDBbP"
2020-06-13 12:24:25,en,469154.0,72501.0,MAKE AMERICA GREAT AGAIN!
2020-06-13 12:23:47,en,267661.0,43932.0,LAW &amp; ORDER!
2020-06-13 11:57:06,und,59138.0,11128.0,10:00 A.M. https://t.co/TGUVzlT0My
2020-06-13 11:54:34,en,0.0,8711.0,"RT @NickAdamsinUSA: America can NEVER become a socialist nation.

I am incredibly excited for the next big @DineshDSouza movie to be releas‚Ä¶"
2020-06-13 11:53:35,en,81763.0,19967.0,So true! https://t.co/CSjsY2v3ex
2020-06-13 11:53:03,en,37202.0,7311.0,Happy Birthday Matt. GREAT JOB! https://t.co/5fLrS7F3DE
2020-06-13 11:51:42,en,67574.0,19795.0,"Thank you Frank. Fredo‚Äôs ratings are really bad, more than 50% down. A loser!!! https://t.co/DGaSYhqJVj"
2020-06-13 11:49:16,en,0.0,7152.0,"RT @SecretsBedard: Majority agree @realDonaldTrump will beat Biden, 51%-43%, @TheZogbyPoll 
Trump base strong, owns union workers, and also‚Ä¶"
2020-06-13 11:48:49,en,0.0,11724.0,"RT @parscale: Joe Biden put @AOC in charge of his radical $93 TRILLION Green New Deal task force.

AOC and Biden's extremist agenda will EN‚Ä¶"
2020-06-13 11:48:25,en,61158.0,19520.0,They want to totally destroy our great Police Departments. No way!!! https://t.co/pN1azBRVT5
2020-06-13 11:46:40,en,0.0,8056.0,"RT @BorisEP: My Op-Ed ‚Å¶@Newsweek:

Democrats' Hypocrisy on Riots Reveals Political Nature of Coronavirus Lockdowns | Opinion https://t.co/7‚Ä¶"
2020-06-13 11:46:27,en,0.0,10846.0,"RT @TrumpWarRoom: WATCH: Joe Biden senior advisor says she ‚Äúdoes not enjoy‚Äù being asked about Biden‚Äôs support for the 1994 crime bill. 

Bi‚Ä¶"
2020-06-13 11:46:03,en,0.0,7138.0,"RT @ErinMPerrine: #BarelyThereBiden has some shady folks on his VP list

Warren ‚Äî lied about her heritage
Rice ‚Äî lied about Russian collusi‚Ä¶"
2020-06-13 11:45:38,en,0.0,27885.0,RT @TeamTrump: There are three types of people... https://t.co/Zzl9jebV7c
2020-06-13 11:45:02,en,0.0,10754.0,RT @WhiteHouse: The greatest economy in history is coming back! üá∫üá∏ https://t.co/Y5m3WdMaWj
2020-06-13 11:44:29,en,0.0,14983.0,"RT @DineshDSouza: The socialist Left, along with their allies in Antifa and in the mainstream media, seeks to beat us into submission.

But‚Ä¶"
2020-06-13 11:43:10,en,0.0,9334.0,RT @NickAdamsinUSA: Joe Biden is not okay. https://t.co/vE3zE248ja
2020-06-13 11:41:17,en,31918.0,7364.0,Thank you Nick. Hear the book is doing well (go get it everyone. Make this great writer number one!). https://t.co/SM7xBuuwPe
2020-06-13 11:36:58,en,109687.0,17358.0,Soon heading to West Point Graduation to give the Commencement Address. Will be shown live on @FoxNews plus. Enjoy!
2020-06-13 11:29:40,en,38183.0,10138.0,Concast is known for its terrible service. On top of that they provide FAKE NEWS on MSDNC &amp; @NBCNews. Drop them and‚Ä¶ https://t.co/DAqJ0Dj4Kr
2020-06-13 11:23:42,en,0.0,6522.0,RT @cottensj: Texas is 100% Trump Country!
2020-06-13 11:22:21,en,44468.0,11806.0,We are getting the Commercial Fishing Industry in Maine back on track (will be better than ever) after suffering ye‚Ä¶ https://t.co/6nLFPzSV3o
2020-06-13 11:15:33,en,52475.0,13621.0,Criminal Justice Reform. I got it done!!! https://t.co/HsaYwWuvUE
2020-06-13 11:14:08,en,0.0,6595.0,"RT @WhiteHouse: ""Opportunity Zones is more than just a program. 

It's more than just a concept. 

It is a mission."" ‚Äî@ScottTurner45 https:‚Ä¶"
2020-06-13 11:13:53,en,0.0,6780.0,RT @JHorstman45: From @JaRonSmith45: ‚ÄúWhat the President is doing is listening to law enforcement &amp; stakeholders on both sides &amp; figuring o‚Ä¶
2020-06-13 11:12:58,en,0.0,4930.0,RT @MalloryBlount45: ‚ÄúPeople are looking for hope‚Äî something to unify this country. That‚Äôs exactly what this President is doing.‚Äù @JaRonSmi‚Ä¶
2020-06-13 11:12:10,en,57275.0,15589.0,Thank you Jack! https://t.co/i3h7Yd8nLG
2020-06-13 03:23:13,en,103669.0,17510.0,"...We have already had ticket requests in excess of 200,000 people. I look forward to seeing everyone in Oklahoma!"
2020-06-13 03:23:13,en,98641.0,16784.0,"...of respect for this Holiday, and in observance of this important occasion and all that it represents. I have the‚Ä¶ https://t.co/UXXmEtwCjl"
2020-06-13 03:23:13,en,129947.0,25198.0,"We had previously scheduled our #MAGA Rally in Tulsa, Oklahoma, for June 19th ‚Äì a big deal. Unfortunately, however,‚Ä¶ https://t.co/guyHQndvHi"
2020-06-13 03:20:25,en,53672.0,9597.0,"...rebuilding America‚Äôs infrastructure with projects like the Portal North Bridge, which I have given authorization to proceed!"
2020-06-13 03:20:24,en,76679.0,14299.0,"Just finished dinner in Bedminster, New Jersey, with Governor Phil Murphy (@GovMurphy) and his wonderful wife, Tamm‚Ä¶ https://t.co/MDgpR9udpb"
2020-06-12 16:39:39,en,35993.0,8610.0,...We need Corky in Washington ‚Äì he has my Complete and Total Endorsement! #NHSEN https://t.co/PJGJ2j9Un2
2020-06-12 16:39:39,en,68728.0,16873.0,"Corky Messner (@CorkyForSenate) will be a fantastic Senator for New Hampshire! A West Point graduate, he served our‚Ä¶ https://t.co/bJGyBoVFxf"
2020-06-12 14:15:27,en,209988.0,50658.0,"Seattle Mayor says, about the anarchists takeover of her city, ‚Äúit is a Summer of Love‚Äù. These Liberal Dems don‚Äôt h‚Ä¶ https://t.co/YZPtUSouZA"
2020-06-12 13:12:42,en,57604.0,12151.0,"Interview with @HARRISFAULKNER at 1:00 P.M. on @FoxNews, Outnumbered Overtime"
2020-06-12 13:09:14,en,160093.0,30042.0,‚ÄúDo you think Suburban Women want to Defund the Police? I don‚Äôt think so.‚Äù @marcthiessen
2020-06-12 13:07:07,en,60036.0,14601.0,A big winner. Congratulations! https://t.co/ZsL3YA33H8
2020-06-12 13:06:37,en,53069.0,16244.0,Hello! https://t.co/2sUGvP5daB
2020-06-12 13:04:46,en,104274.0,20955.0,"The Republican Party has not yet voted on a Platform. No rush. I prefer a new and updated Platform, short form, if possible."
2020-06-12 12:37:47,en,76133.0,19218.0,"How do you think China, Russia, Japan or others would do with him in a negotiation? We would have no Country left!!! https://t.co/3YlD1ufODX"
2020-06-12 12:34:51,en,0.0,28372.0,"RT @FrancisBrennan: ""You know the rapidly rising umm uh in with uh with I don't know."" - Joe Biden. https://t.co/WQMkgISM1D"
2020-06-12 12:31:29,en,0.0,27426.0,RT @RichardGrenell: They should now be barred from federal government contracts - there should be consequences for not selling technology t‚Ä¶
2020-06-12 12:29:03,en,0.0,15283.0,RT @parscale: CLUELESS. 100% out of touch with reality.
2020-06-12 12:28:36,en,0.0,6300.0,RT @ScottGottliebMD: This is a critical milestone. Two therapeutic antibodies are now in the clinic with more on the way. These drugs can b‚Ä¶
2020-06-12 12:23:44,en,0.0,6649.0,RT @ByronYork: It happened 'following a peaceful demonstration...'
2020-06-12 12:22:43,en,0.0,4585.0,RT @ByronYork: Another Columbus statue bites the dust. https://t.co/rtqTuiXhg7 https://t.co/HHVxwuS8ow
2020-06-12 12:22:29,en,0.0,6960.0,RT @ByronYork: A third Christopher Columbus goes down.
2020-06-12 12:16:57,en,0.0,8372.0,"RT @TomBevanRCP: Media bias is not just in the stories that get covered, but the ones that don't. Total blackout on the insanity in Seattle‚Ä¶"
2020-06-12 12:13:33,en,0.0,13943.0,"RT @BuckSexton: Prepare for the onslaught of ""Trump's rallies are literally the most dangerous thing on planet earth right now"" pieces from‚Ä¶"
2020-06-12 12:11:16,en,0.0,22849.0,"RT @bdomenech: Sculpted by an Italian immigrant who helped build Grand Central Station and his son, given as a gift during the Great Depres‚Ä¶"
2020-06-12 12:05:19,en,0.0,11334.0,"RT @euneaux: @ElijahSchaffer @MayorJenny There is only ONE person in Seattle who has the backbone to be Mayor.

Mr. This Is Library https:/‚Ä¶"
2020-06-12 12:03:38,en,0.0,18897.0,RT @HeyTammyBruce: So the anarchists are building a... border wall. Okey-dokey.
2020-06-12 12:00:57,en,0.0,9441.0,"RT @DeAngelisCorey: Trump just called to ""enact school choice now""

""School choice is a big deal... because access to education is the civi‚Ä¶"
2020-06-12 12:00:31,en,0.0,9360.0,RT @theblaze: The debates with @realDonaldTrump are going to be a bloodbath https://t.co/Qc46tSrIMR
2020-06-12 11:59:31,en,0.0,9417.0,"RT @KerryPicket: So when #2A activists legally open carry in VA or Mich, it's a natl story that every governor across the country knows abo‚Ä¶"
2020-06-12 11:58:48,en,0.0,6035.0,"RT @dbongino: Jim Jordan Slams ‚ÄúCrazy‚Äù Attempt to Continue Flynn Case üî•üî•üî•
https://t.co/DwvHkoKadq"
2020-06-12 11:58:16,en,0.0,16373.0,"RT @dbongino: Project Veritas Video: Antifa Chapter Head Admits Soros Funding, Association With Tom Steyer üëá
https://t.co/bkSo8R7ehW"
2020-06-12 11:57:45,en,0.0,10490.0,"RT @Breaking911: JUST IN: President Trump tells reporters he will restart MAGA rallies in Oklahoma, Arizona, Florida &amp; North Carolina"
2020-06-12 11:57:16,en,0.0,19536.0,"RT @dbongino: Do you agree? üëá
https://t.co/7JuA38cIYp"
2020-06-12 11:53:04,en,47512.0,10612.0,Crazy! https://t.co/NIQIBhexKX
2020-06-12 11:52:08,en,81122.0,20530.0,People have no idea how Fake the Lamestream Media is! https://t.co/qc8c8C7Pin
2020-06-12 11:47:04,en,0.0,7259.0,"RT @dbongino: Minneapolis City Council Wants to Disband Police ‚Äì Let‚Äôs See How That Goes üëá
https://t.co/kCkZiKTuWM"
2020-06-12 11:45:06,en,0.0,46807.0,"RT @RexChapman: Every year in France, there's a ceremony that rarely makes headlines.

Ordinary people &amp; families collect sand from Omaha B‚Ä¶"
2020-06-12 05:54:50,en,0.0,9315.0,"RT @joelpollak: Obama Admin Turned Down Renaming of Army Bases: ‚ÄòReconciliation, Not Division‚Äò 

https://t.co/68fVWWC7uN via @BreitbartNews"
2020-06-12 02:47:57,en,0.0,76183.0,RT @realDonaldTrump: The Radical Left Democrats: First they try to take away your guns. Then they try to take away your police!
2020-06-12 02:47:48,en,0.0,18256.0,RT @WhiteHouse: President @realDonaldTrump has been fighting for the forgotten men &amp; women of America since day one. https://t.co/VZp0E433TM
2020-06-12 01:24:35,en,323394.0,76183.0,The Radical Left Democrats: First they try to take away your guns. Then they try to take away your police!
2020-06-11 22:44:54,en,0.0,15899.0,"RT @WhiteHouse: ‚ÄúWe the people will recognize, despite all the forces to the contrary, we are not each other's enemies."" üá∫üá∏ https://t.co/4u‚Ä¶"
2020-06-11 22:44:07,en,46974.0,11373.0,"Great work @RepChipRoy, together we are keeping AMERICAN WORKERS employed! https://t.co/zYGM7ToHNm"
2020-06-11 22:15:56,en,0.0,22490.0,"RT @WhiteHouse: ""We have to work together to confront bigotry and prejudice wherever they appear. But we'll make no progress and heal no wo‚Ä¶"
2020-06-11 22:15:45,en,0.0,10588.0,"RT @WhiteHouse: ""We're working to finalize an Executive Order that will encourage police departments nationwide to meet the most current pr‚Ä¶"
2020-06-11 22:15:43,en,0.0,10216.0,"RT @WhiteHouse: President @realDonaldTrump announces four steps to build safety, opportunity, and dignity for ALL Americans‚Äîand build on vi‚Ä¶"
2020-06-11 22:15:33,en,0.0,8379.0,"RT @WhiteHouse: There has been vigorous conversation on how to ensure fairness, equality, and justice for all‚Äîbut sadly, some are only tryi‚Ä¶"
2020-06-11 22:15:24,en,0.0,9856.0,"RT @WhiteHouse: Since day one, President @realDonaldTrump has been fighting for the forgotten men and women of America. https://t.co/Nl4q1o‚Ä¶"
2020-06-11 20:04:21,en,29056.0,7096.0,...We need Karen in Washington badly! She loves Georgia and the USA. Has my Complete and Total Endorsement! Novembe‚Ä¶ https://t.co/WpBbTthiyo
2020-06-11 20:04:21,en,46632.0,10664.0,"Congratulations to @KarenHandel on running a great race and terrific primary victory - 75%, despite tough competiti‚Ä¶ https://t.co/2MDU6Bknxe"
2020-06-11 19:53:17,en,34145.0,8422.0,"Senator @JoniErnst of IOWA has a new book, ‚ÄúDaughter of the Heartland: My Ode to the Country That Raised Me.‚Äù The f‚Ä¶ https://t.co/bMoG2mPJOm"
2020-06-11 19:44:24,en,27643.0,6943.0,"...Unlike her Radical Liberal opponent, Theresa Greenfield, and Theresa‚Äôs failed record in real estate, Joni stands‚Ä¶ https://t.co/hU2aHg4G12"
2020-06-11 19:44:23,en,49616.0,11972.0,"Few people have ever fought as strongly for Iowa as Senator @JoniErnst! A combat Veteran, her service to Iowa and o‚Ä¶ https://t.co/HMsMwR6zPi"
2020-06-11 19:42:17,en,28694.0,6745.0,"...Second Amendment. Matt has my Complete and Total Endorsement! We need him in Washington now! #NH01 
https://t.co/K4xoUlQiAI"
2020-06-11 19:42:16,en,47713.0,10978.0,Matt @Mowers is a champion for the Great State of New Hampshire! He was a winner in my Administration and he will a‚Ä¶ https://t.co/YC8KeAfccy
2020-06-11 19:33:52,en,26379.0,6936.0,"...of Schumer and Pelosi. David is Strong on Crime, our Military, Vets, Low Taxes and will protect your #2A at all‚Ä¶ https://t.co/6S9FmZ9mcf"
2020-06-11 19:33:51,en,49766.0,13076.0,We need our Great David Perdue (@PerdueSenate) in the Senate to Drain the Swamp &amp; Make America Great Again! His Rad‚Ä¶ https://t.co/E88LzFsf8o
2020-06-11 19:30:35,en,29033.0,7645.0,"Chris @JacobsNY27 is a Great Winner and Fighter for New York. He will never let you down! Strong on Crime, Military‚Ä¶ https://t.co/CzWCsTUUxz"
2020-06-11 19:29:29,en,30934.0,7377.0,"...Strong on Crime, our Military, Vets and Low Taxes. Nancy has my Complete and Total Endorsement! November 3rd, a‚Ä¶ https://t.co/rDBo9HTHqI"
2020-06-11 19:29:28,en,57665.0,13613.0,"Despite very tough competition, @NancyMace had a tremendous victory on Tuesday in South Carolina‚Äôs 1st Congressiona‚Ä¶ https://t.co/aYkvej1Xa5"
2020-06-11 18:21:38,en,144205.0,32490.0,"Seriously failed presidential candidate, Senator Elizabeth ‚ÄúPocahontas‚Äù Warren, just introduced an Amendment on the‚Ä¶ https://t.co/1IjyhhIRyM"
2020-06-11 18:08:29,en,116616.0,30950.0,Radical Left Governor @JayInslee and the Mayor of Seattle are being taunted and played at a level that our great Co‚Ä¶ https://t.co/TLdBz8YPQv
2020-06-11 17:24:33,en,182756.0,43511.0,Anarchists just took over Seattle and the Liberal Democrat Governor just said he knows ‚Äúnothing about that‚Äù.
2020-06-11 17:23:04,en,139241.0,33652.0,"June 14th just happens to be my birthday, thank you! Love our Boaters, Love our Country! #MAGA  
https://t.co/Om9pbHIaTU"
2020-06-11 15:07:35,en,133513.0,30762.0,"The Federal Reserve is wrong so often. I see the numbers also, and do MUCH better than they do. We will have a very‚Ä¶ https://t.co/UomzvqgKPj"
2020-06-11 14:09:59,en,433364.0,91565.0,THOSE THAT DENY THEIR HISTORY ARE DOOMED TO REPEAT IT!
2020-06-11 14:02:01,en,106043.0,25539.0,Sleepy Joe Biden refuses to leave his basement ‚Äúsanctuary‚Äù and tell his Radical Left BOSSES that they are heading i‚Ä¶ https://t.co/AsjqgnQ2WQ
2020-06-11 12:49:46,en,171356.0,34027.0,Our great National Guard Troops who took care of the area around the White House could hardly believe how easy it w‚Ä¶ https://t.co/2e2GZfAAmo
2020-06-11 03:38:11,en,246207.0,56128.0,"Domestic Terrorists have taken over Seattle, run by Radical Left Democrats, of course. LAW &amp; ORDER!"
2020-06-11 03:30:48,en,0.0,11732.0,"RT @MarshaBlackburn: Decades of failed engagement, Western investment and unfair trade tactics built China into an industrial behemoth, giv‚Ä¶"
2020-06-11 03:27:22,en,108907.0,28673.0,‚ÄúVery troubled by Durham probe findings.‚Äù A.G. Bill Barr  @BretBaier  @FoxNews
2020-06-11 02:36:23,en,81077.0,17896.0,...And the Trump family didn‚Äôt ask the Federal government for money to carry this and many other very expensive to‚Ä¶ https://t.co/IXOkAJDZtT
2020-06-11 02:21:28,en,312347.0,51028.0,LAW &amp; ORDER!
2020-06-11 01:27:37,en,0.0,11660.0,"RT @dcexaminer: Since April, the @USCG and the @USNavy have stopped more than 94,000 pounds of cocaine and 9,200 pounds of marijuana from b‚Ä¶"
2020-06-11 01:22:03,und,0.0,14197.0,RT @Jim_Jordan: https://t.co/sSJoCxpqNF
2020-06-11 01:21:48,en,0.0,15111.0,"RT @IvankaTrump: Historic First: Under Trump, Half Of National Security Council Leaders Are Women #WGDP  https://t.co/KJpFD7DCAT"
2020-06-10 22:17:51,en,142336.0,48454.0,"So honored by Archbishop Vigan√≤‚Äôs incredible letter to me. I hope everyone, religious or not, reads it! https://t.co/fVhkCz89g5"
2020-06-10 21:37:33,en,61194.0,15646.0,"Congratulations to Dr. Rich McCormick (@RichforGA) on a BIG WIN in Georgia last night! We need you in Washington, D‚Ä¶ https://t.co/6RqM2FFsoU"
2020-06-10 21:23:30,en,56541.0,13897.0,"Congratulations on last nights BIG WIN, @NancyMace! Keep up the great work so we can #MAGA! We need you in Washingt‚Ä¶ https://t.co/Trjea5iE6r"
2020-06-10 21:22:00,en,64569.0,13552.0,I am sending $219.9M to the San Diego area in CARES Act funding for @sdmts. These funds from @USDOT will be CRITICA‚Ä¶ https://t.co/Bz6pbVbv1W
2020-06-10 21:21:12,en,63745.0,14364.0,Big $$$$ headed to the Pittsburgh area! I‚Äôm sending $141.7M in CARES Act funding to @PGHtransit from @USDOT to aid‚Ä¶ https://t.co/FtQPG2p413
2020-06-10 18:40:38,en,136524.0,27488.0,...Our history as the Greatest Nation in the World will not be tampered with. Respect our Military!
2020-06-10 18:40:38,en,121032.0,22765.0,"...history of Winning, Victory, and Freedom. The United States of America trained and deployed our HEROES on these‚Ä¶ https://t.co/gSrzwsvyJQ"
2020-06-10 18:40:37,en,149284.0,31132.0,"It has been suggested that we should rename as many as 10 of our Legendary Military Bases, such as Fort Bragg in No‚Ä¶ https://t.co/UqVvNi83NU"
2020-06-10 17:41:36,en,0.0,14515.0,RT @SteveGuest: Last night‚Äôs primaries were an emphatic reminder of the enthusiasm for @realDonaldTrump's agenda that is sweeping the natio‚Ä¶
2020-06-10 14:56:15,en,184128.0,48563.0,Incredible!  @FoxNews just took Congressional Hearing off the air just prior to important witness statements. More‚Ä¶ https://t.co/vEIVLNkALF
2020-06-10 14:33:19,en,94055.0,24364.0,Great statement to Congress by @Jim_Jordan concerning Defunding (not!) our great Police. This Radical Left agenda i‚Ä¶ https://t.co/74NBQZuKlL
2020-06-10 13:32:44,en,107888.0,32667.0,"‚ÄúFor the first time in history, Police Organizations &amp; National Security Organizations were used to SPY on a Campai‚Ä¶ https://t.co/e7NfiiPZfj"
2020-06-10 12:51:05,en,151543.0,31508.0,New York State is killing small businesses. Let them properly open! @foxandfriends
2020-06-10 12:49:28,en,182631.0,34047.0,"NASDAQ HITS ALL-TIME HIGH. Tremendous progress being made, way ahead of schedule. USA!"
2020-06-10 12:32:03,en,0.0,15661.0,"RT @DanCrenshawTX: This is dangerous, counterproductive, and deeply irrational. ‚ÄúDefund the police‚Äù is not a call from the fringes of the f‚Ä¶"
2020-06-10 02:14:00,und,59969.0,19861.0,https://t.co/lEwOBtMVUf
2020-06-10 02:10:06,und,86255.0,29095.0,https://t.co/FKGagCwNZ2
2020-06-10 02:02:15,en,77329.0,20646.0,‚ÄúRepublican AGs come out in force against defunding police‚Äù https://t.co/AAJiCHsqTp
2020-06-10 00:45:02,en,169970.0,35498.0,"Thank you George, great honor! https://t.co/1WzkcvLpnR"
2020-06-09 18:34:51,en,116851.0,24719.0,"Great work in the Republican Senate on some big nominees. Still 154 to go, hope they don‚Äôt adjourn until the job is done! @senatemajldr"
2020-06-09 17:44:29,en,77688.0,16646.0,Relief is on the way to Utah! I‚Äôm proud to send $187.18M in CARES Act funding to @RideUTA. This money will keep peo‚Ä¶ https://t.co/c3QRx2BybO
2020-06-09 17:43:35,en,145485.0,35365.0,I am allocating $2.96 BILLION in Emergency Solutions Grants to support homeless Americans and those at risk of beco‚Ä¶ https://t.co/pADo8DYxWR
2020-06-09 17:42:54,en,157374.0,37368.0,My decision to appoint @usairforce General Charles Brown as the USA‚Äôs first-ever African American military service‚Ä¶ https://t.co/XuyZT29O55
2020-06-09 14:25:20,en,0.0,81488.0,RT @realDonaldTrump: MAKE AMERICA GREAT AGAIN!
2020-06-09 14:23:32,en,160552.0,35593.0,‚ÄúDefunding Police would be good for Robbers &amp; Rapists.‚Äù @SenBillCassidy
2020-06-09 14:19:10,en,103021.0,28101.0,"BIG DEMAND! Starting up again soon, maybe next week! https://t.co/ToNLAGl5Fz"
2020-06-09 14:14:31,en,0.0,10174.0,"RT @MZHemingway: Honestly, I think that our major media deciding this week to finally admit publicly what we've all been suffering through‚Ä¶"
2020-06-09 14:13:54,und,0.0,9325.0,RT @FoxNews: https://t.co/IKlMQt5efg
2020-06-09 14:13:41,en,0.0,7987.0,RT @MZHemingway: This is close to 180 degrees opposite from what it should be. Why run op-eds that do nothing but boringly comfort you? NY‚Ä¶
2020-06-09 14:11:58,en,0.0,6496.0,RT @hughhewitt: Up next: @SenTomCotton.  Following successful demolition of the credibility of the @NYTimes and its exposure as the laughin‚Ä¶
2020-06-09 14:07:39,en,0.0,4720.0,"RT @marcthiessen: They intentionally edited out ""in terms of equality"""
2020-06-09 14:06:02,en,0.0,5952.0,"RT @MichaelRStrain: Typically, around two million workers transition from unemployed to employed every month. In May, 7.7 million did ‚Äî by‚Ä¶"
2020-06-09 14:04:11,en,116127.0,34557.0,"Should have let police do their job and brought in National Guard on Day One, not Day Four! https://t.co/AZ661hygIb"
2020-06-09 14:01:01,en,0.0,9379.0,RT @MarkHiggie1: This does not inspire much confidence in those who are supposed to protect us and to prevent anarchy. https://t.co/OKucsNV‚Ä¶
2020-06-09 13:56:47,en,0.0,4999.0,RT @marcthiessen: I think they had a similar directive at Pravda back in the day.
2020-06-09 13:55:34,en,0.0,20681.0,"RT @benshapiro: ""911.""
""Yes, someone is robbing my house.""
""The police no longer exist.""
""But someone is robbing my house!""
""Check your pri‚Ä¶"
2020-06-09 13:51:56,en,50067.0,18718.0,"Minnesota needs DJT &amp; @LacyJohnsonMN NOW. When I insisted on the National Guard, things got better FAST. Enough wit‚Ä¶ https://t.co/tHjh1YS5qS"
2020-06-09 13:43:12,en,511372.0,81488.0,MAKE AMERICA GREAT AGAIN!
2020-06-09 13:41:46,en,256881.0,50594.0,THE REAWAKENING OF AMERICA!
2020-06-09 13:39:24,en,116873.0,23724.0,.@WhiteHouse TRANSITION TO GREATNESS!
2020-06-09 13:27:20,en,0.0,24989.0,RT @mschlapp: I will never buy another NFL ticket until they go back to playing football and stop dividing America.
2020-06-09 13:26:40,en,0.0,18227.0,"RT @WhiteHouse: ""You eliminate police officers, you will have chaos, crime, and anarchy in the streets."" https://t.co/KKVfXHct1o"
2020-06-09 13:26:24,en,0.0,6854.0,"RT @SebGorka: Lap Dog Mattis is an embarrassment to America! 

#AMERICAFirst https://t.co/Y3Exfp7B4Q"
2020-06-09 13:24:57,en,56792.0,15287.0,"Mattis was our Country‚Äôs most overrated General. He talked a lot, but never ‚Äúbrought home the bacon.‚Äù He was terrib‚Ä¶ https://t.co/hKxd07BCVz"
2020-06-09 12:42:57,en,143235.0,25128.0,"Poll: Trump Better Than Biden On Economic Growth, 55% to 34%. That‚Äôs all? Who are the 34%?"
2020-06-09 12:34:39,en,193438.0,47339.0,Buffalo protester shoved by Police could be an ANTIFA provocateur. 75 year old Martin Gugino was pushed away after‚Ä¶ https://t.co/aFgYc1MCfD
2020-06-09 12:31:45,en,0.0,11447.0,"RT @EdRollins: Joe Biden now claims he opposes defunding the police.

Here‚Äôs a list of issues he‚Äôs flip-flopped on:

Abortion

Immigration‚Ä¶"
2020-06-09 12:30:01,en,188352.0,33159.0,NASDAQ HITS ALL-TIME HIGH!
2020-06-09 12:25:57,en,50617.0,13283.0,"Vote today for Big Jim, a great Governor. Love West Virginia! https://t.co/tIbwDQQfkU"
2020-06-09 12:22:04,en,39888.0,10310.0,A GREAT Senator. Must return to Washington. Steve has my Complete &amp; Total Endorsement! https://t.co/W59NpmvtiM
2020-06-09 12:17:50,en,0.0,6784.0,"RT @SenateGOP: üö® BREAKING üö®

The U.S. economy added 2.5 million jobs in May.

That's the BIGGEST JOBS INCREASE EVER! ü•≥ üá∫üá∏ https://t.co/DNvU‚Ä¶"
2020-06-09 12:17:39,en,0.0,7032.0,RT @WhiteHouse: LIVE: President @realDonaldTrump holds a news conference https://t.co/qfXa9nMlTD
2020-06-09 12:17:26,en,0.0,3732.0,"RT @JohnBoozman: Today‚Äôs #jobsreport, indicating our economy added 2.5 million jobs in May, is a positive sign for our economic recovery.‚Ä¶"
2020-06-09 12:15:28,en,0.0,4969.0,RT @JimInhofe: This is great news! The economy is coming back with 2.5 million new jobs in May. The Republican economic plan is working and‚Ä¶
2020-06-09 12:14:39,en,0.0,4346.0,RT @sendavidperdue: Americans are ready to get back to work and the economy is ready to rebound! #JobsReport https://t.co/v9aTs0D71r
2020-06-09 12:11:45,en,0.0,6572.0,RT @GOP: ‚ÄúWe can't give up the finest law enforcement anywhere in the world. There's nothing like it.‚Äù -@realDonaldTrump https://t.co/cNDdQ‚Ä¶
2020-06-09 12:11:01,en,0.0,8378.0,"RT @GOP: Democrats have taken up a radical push to defund community police forces, which would put the safety and security of all Americans‚Ä¶"
2020-06-09 12:10:44,en,0.0,3225.0,RT @GOP: TUNE IN NOW! https://t.co/4bGKZ0PmQD
2020-06-09 12:10:24,en,0.0,4974.0,RT @GOP: ‚ÄúWe all support the notion that we can do better but this notion of defunding the police‚Ä¶ frankly is just a bunch of political rhe‚Ä¶
2020-06-09 12:09:54,en,0.0,3560.0,"RT @GOP: The Transition to Greatness has BEGUN as the stock market continues to SURGE!
https://t.co/ci53LzN6BM"
2020-06-09 12:09:41,en,0.0,4502.0,"RT @GOP: ‚ÄúWe believe now it‚Äôs time for us to have ears to hear, to listen carefully‚Ä¶ I think it‚Äôs important that we listen first and then I‚Ä¶"
2020-06-09 12:09:16,en,0.0,7079.0,"RT @senatemajldr: Abolishing police would only take us farther away from the safety, justice, and equal protection of the laws that every s‚Ä¶"
2020-06-09 12:08:55,en,0.0,6545.0,"RT @GOP: Democrats‚Äô calls to defund the police are dangerous!
 
Doing so would weaken the rule of law &amp; cause chaos in the US.
 
President‚Ä¶"
2020-06-09 12:01:49,en,97316.0,25594.0,‚ÄúDemocrats &amp; Activists call to Defund Police Departments. They‚Äôve gone so far Left that they eat their young.‚Äù‚Ä¶ https://t.co/uzmqPIxVCu
2020-06-08 23:39:57,und,125514.0,28411.0,https://t.co/hkZ6O9anzj
2020-06-08 23:15:02,und,83164.0,19671.0,https://t.co/EapArqyn2h
2020-06-08 23:14:37,und,63872.0,17250.0,https://t.co/hhEuC5mhu9
2020-06-08 19:15:35,und,64479.0,17794.0,https://t.co/wZc0PgCmnJ
2020-06-08 19:14:47,en,97681.0,31357.0,"...Crooked Hillary Clinton in 2016. They are called SUPPRESSION POLLS, and are put out to dampen enthusiasm. Despit‚Ä¶ https://t.co/v5JnPAEx80"
2020-06-08 19:14:45,en,146934.0,35854.0,"I have retained highly respected pollster, McLaughlin &amp; Associates, to analyze todays CNN Poll (and others), which‚Ä¶ https://t.co/GnTzXISDpc"
2020-06-08 15:44:09,en,312690.0,63576.0,"This year has seen the lowest crime numbers in our Country‚Äôs recorded history, and now the Radical Left Democrats w‚Ä¶ https://t.co/N3R2Bjv4v6"
2020-06-08 15:31:59,en,180970.0,36326.0,"Big day for Stock Market. Smart money, and the World, know that we are heading in the right direction. Jobs coming‚Ä¶ https://t.co/QPqcZFfM37"
2020-06-08 13:02:06,en,320031.0,44653.0,96% Approval Rating in the Republican Party. Thank you!
2020-06-08 12:57:43,en,127592.0,27864.0,"The Lamestream Media refuses to talk about our Country‚Äôs record setting Jobs Numbers, which are indicating GREATNESS, and soon!"
2020-06-08 12:48:35,en,150614.0,31996.0,"CNN Polls are as Fake as their Reporting. Same numbers, and worse, against Crooked Hillary. The Dems would destroy America!"
2020-06-08 12:33:30,en,301526.0,65501.0,"LAW &amp; ORDER, NOT DEFUND AND ABOLISH THE POLICE. The Radical Left Democrats have gone Crazy!"
2020-06-08 12:30:23,en,81720.0,18500.0,"Tremendous sincerity, what a guy. Hard to believe, with this kind of political talent, his numbers would ‚Äútank‚Äù so‚Ä¶ https://t.co/VVPihJ3k6x"
2020-06-08 04:01:03,en,45925.0,9549.0,"Actually, a great book by a great and highly respected historian, Doug Wead! https://t.co/5Ly0WkGjVv"
2020-06-08 03:54:43,en,144457.0,32382.0,Could it be even remotely possible that in Roger Goodell‚Äôs rather interesting statement of peace and reconciliation‚Ä¶ https://t.co/lkPVsF3SLr
2020-06-08 03:42:18,en,137103.0,30781.0,"Colin Powell was a pathetic interview today on Fake News CNN. In his time, he was weak &amp; gave away everything to ev‚Ä¶ https://t.co/VbfRt4vwKu"
2020-06-07 22:41:54,en,232966.0,45234.0,"If I wasn‚Äôt constantly harassed for three years by fake and illegal investigations, Russia, Russia, Russia, and the‚Ä¶ https://t.co/VnEoUQ2LMm"
2020-06-07 22:35:06,en,67448.0,20205.0,".@SeanParnellUSA is a SUPERSTAR running against a Lamb, to be exact, a weak puppet of crazy Nancy Pelosi! https://t.co/w0UYTAR43v"
2020-06-07 22:08:55,en,475873.0,76751.0,"I built the greatest economy in the World, the best the U.S. has ever had. I am doing it again!"
2020-06-07 21:04:52,en,0.0,49378.0,RT @realDonaldTrump: Wow! 96% Approval Rating in the Republican Party (and I believe this was before the ‚ÄúGREAT‚Äù Jobs Numbers yesterday). T‚Ä¶
2020-06-07 21:04:42,en,0.0,68322.0,RT @realDonaldTrump: LAW &amp; ORDER!
2020-06-07 20:50:45,en,116576.0,30911.0,"Opinion Editor at @nytimes just walked out. That‚Äôs right, he quit over the excellent Op-Ed penned by our great Sena‚Ä¶ https://t.co/PcMyldVFII"
2020-06-07 20:40:05,en,111721.0,28594.0,"‚ÄúIf Biden had any passion or respect for law enforcement, he kept it well hidden in his Philadelphia address. He cr‚Ä¶ https://t.co/wLU7nNS9iI"
2020-06-07 20:30:31,en,0.0,59565.0,RT @realDonaldTrump: Sleepy Joe Biden and the Radical Left Democrats want to ‚ÄúDEFUND THE POLICE‚Äù. I want great and well paid LAW ENFORCEMEN‚Ä¶
2020-06-07 20:30:16,en,0.0,48697.0,"RT @realDonaldTrump: Not only will Sleepy Joe Biden DEFUND THE POLICE, but he will DEFUND OUR MILITARY! He has no choice, the Dems are cont‚Ä¶"
2020-06-07 20:19:57,en,0.0,41056.0,RT @realDonaldTrump: Somebody please tell highly overrated Colin Powell that I will have gotten almost 300 Federal Judges approved (a recor‚Ä¶
2020-06-07 20:19:41,en,0.0,58816.0,"RT @realDonaldTrump: Colin Powell, a real stiff who was very responsible for getting us into the disastrous Middle East Wars, just announce‚Ä¶"
2020-06-07 19:15:02,en,41059.0,10752.0,...I know Ronny well. He will NEVER let you down. Solid as a rock. Ronny has my Complete and Total Endorsement!‚Ä¶ https://t.co/Q3qQZNBRbE
2020-06-07 19:15:02,en,71656.0,16942.0,".@RonnyJackson4TX is a spectacular man. An Admiral in the Navy, he is a brave and loyal Warrior who loves our Milit‚Ä¶ https://t.co/VVYA65Ue8Q"
2020-06-07 19:13:36,en,43510.0,12100.0,Congressman Jeff Van Drew (@VanDrewForNJ) is a Courageous Leader who defended me against Pelosi‚Äôs Impeachment Scam‚Ä¶ https://t.co/ZZoYASSHI6
2020-06-07 19:12:51,en,45143.0,11291.0,Congressman Mark Amodei (@AmodeiForNevada) is working hard for the incredible people of Nevada! He is Strong on Imm‚Ä¶ https://t.co/TNr7D6XcmH
2020-06-07 19:12:26,en,33276.0,8784.0,"Governor Doug Burgum (@DougForDakota) is doing a phenomenal job leading North Dakota! He is a true Conservative, an‚Ä¶ https://t.co/W494iVzUYb"
2020-06-07 19:11:46,en,34033.0,8808.0,Congresswoman Carol Miller (@CarolMillerWV) is a tremendous advocate for the people of West Virginia! She fights fo‚Ä¶ https://t.co/Aotouc3fwV
2020-06-07 19:11:23,en,32093.0,8457.0,Congressman Alex Mooney (@MooneyforWV) is a champion for West Virginia! He is strong on Life and the Second Amendme‚Ä¶ https://t.co/PVEfODS1ZC
2020-06-07 19:10:53,en,88889.0,20888.0,"Unlike Senator Manchin, Big Jim Justice was very loyal to your favorite President during Pelosi‚Äôs Impeachment Scam.‚Ä¶ https://t.co/EcbK406bih"
2020-06-07 18:58:10,en,36973.0,10059.0,We need @KarenHandel back in Congress to fight for the incredible people of Georgia! She is a tremendous advocate f‚Ä¶ https://t.co/7ojzYL8jKO
2020-06-07 18:56:42,en,32970.0,8858.0,Congressman Austin Scott (@AustinScott4GA) is doing a phenomenal job for the GREAT State of Georgia. He works hard‚Ä¶ https://t.co/zpY7J09voH
2020-06-07 18:56:18,en,30829.0,8284.0,Congressman Buddy Carter (@Buddy_Carter) keeps fighting for the incredible people of Georgia. Buddy has my Complete‚Ä¶ https://t.co/SZADfSrMWi
2020-06-07 18:53:03,en,37130.0,9960.0,Congressman Joe Wilson is a champion for the people of South Carolina! He served our Country as a Colonel in the Ar‚Ä¶ https://t.co/76a0yCxqk5
2020-06-07 18:49:26,en,48205.0,11410.0,Senator @LindseyGrahamSC is a good friend and strong voice for the people of South Carolina. He‚Äôs helped us confirm‚Ä¶ https://t.co/FqJyMYcyOz
2020-06-07 18:37:18,und,42920.0,12799.0,https://t.co/7YsXCmfHBy
2020-06-07 15:27:27,en,0.0,11859.0,"RT @thejtlewis: Now that the economy is doing well again, Obama will be taking credit for it."
2020-06-07 15:27:25,en,0.0,17210.0,"RT @thejtlewis: President Trump is going to save America... 

twice... 

in his first term!"
2020-06-07 15:26:37,en,0.0,43347.0,RT @thejtlewis: Leaders Lead. Cowards kneel. https://t.co/PddAbdG8Vj
2020-06-07 15:23:04,en,0.0,11971.0,RT @thejtlewis: @realDonaldTrump Retired bureaucrats hate President Trump because he‚Äôs draining the swamp and ending the corruption that pa‚Ä¶
2020-06-07 15:20:15,en,81416.0,19508.0,"At the request of @SenJohnKennedy &amp; @SenBillCassidy of the Great State of Louisiana, I will be approving &amp; signing‚Ä¶ https://t.co/bguzkkNMI1"
2020-06-07 15:10:22,en,169868.0,41056.0,Somebody please tell highly overrated Colin Powell that I will have gotten almost 300 Federal Judges approved (a re‚Ä¶ https://t.co/njGdKfR7cs
2020-06-07 14:31:26,en,72490.0,17884.0,"Fantastic job on @foxandfriends by new Republican Superstar @SeanParnellUSA, running for Congress (with my complete‚Ä¶ https://t.co/4pGthyGqFR"
2020-06-07 14:19:03,en,227991.0,58816.0,"Colin Powell, a real stiff who was very responsible for getting us into the disastrous Middle East Wars, just annou‚Ä¶ https://t.co/AVzThZIPDg"
2020-06-07 14:01:40,en,209187.0,48697.0,"Not only will Sleepy Joe Biden DEFUND THE POLICE, but he will DEFUND OUR MILITARY! He has no choice, the Dems are c‚Ä¶ https://t.co/AbDUm14HEM"
2020-06-07 13:53:03,en,159957.0,32655.0,"I have just given an order for our National Guard to start the process of withdrawing from Washington, D.C., now th‚Ä¶ https://t.co/3jUIJGGWZ9"
2020-06-07 13:09:25,en,285906.0,59565.0,Sleepy Joe Biden and the Radical Left Democrats want to ‚ÄúDEFUND THE POLICE‚Äù. I want great and well paid LAW ENFORCEMENT. I want LAW &amp; ORDER!
2020-06-07 02:12:10,en,200853.0,42578.0,.@CNN &amp; MSDNC are doing everything possible to ‚Äúinflame‚Äù the crowd. Fortunately they have a very small audience!
2020-06-07 02:09:10,en,283396.0,46785.0,"Much smaller crowd in D.C. than anticipated. National Guard, Secret Service, and D.C. Police have been doing a fantastic job. Thank you!"
2020-06-06 22:48:22,en,412065.0,68322.0,LAW &amp; ORDER!
2020-06-06 22:31:20,en,287914.0,49378.0,Wow! 96% Approval Rating in the Republican Party (and I believe this was before the ‚ÄúGREAT‚Äù Jobs Numbers yesterday). Thank you!
2020-06-06 19:56:38,und,70721.0,23898.0,https://t.co/hJSsx86Azp
2020-06-06 17:29:23,en,0.0,37595.0,"RT @realDonaldTrump: .@MayorBowser is grossly incompetent, and in no way qualified to be running an important city like Washington, D.C. If‚Ä¶"
2020-06-06 17:28:11,en,0.0,52844.0,"RT @realDonaldTrump: I am a big fan of Drew Brees. I think he‚Äôs truly one of the greatest quarterbacks, but he should not have taken back h‚Ä¶"
2020-06-06 17:28:03,en,0.0,43880.0,"RT @realDonaldTrump: ...We should be standing up straight and tall, ideally with a salute, or a hand on heart. There are other things you c‚Ä¶"
2020-06-06 16:19:43,en,0.0,7775.0,"RT @marcorubio: ‚ÄúIn short, give some credit to the government relief efforts, especially the Paycheck Protection Program, for bringing back‚Ä¶"
2020-06-06 16:18:36,und,0.0,5777.0,RT @marcorubio: #PPPworks https://t.co/qcspersL54
2020-06-06 15:37:51,en,0.0,21693.0,"RT @WhiteHouse: On June 6, 1944, our Greatest Generation bravely stormed the beaches of Normandy.

""Those who fought here won a future for‚Ä¶"
2020-06-06 15:25:05,en,0.0,11804.0,"RT @GOPChairwoman: May saw the BIGGEST JOBS INCREASE EVER.
 
This jobs report serves as an emphatic reminder about the strength of @realDon‚Ä¶"
2020-06-06 14:36:08,und,132298.0,30249.0,https://t.co/FAypsSSqCs
2020-06-06 11:53:36,en,119798.0,29443.0,Riot gear or military control is not necessary because ANTIFA &amp; other Wacko groups of Anarchists aren‚Äôt present to‚Ä¶ https://t.co/N5vXqoNhOj
2020-06-06 03:19:25,en,113723.0,23114.0,Great new book by @PastorDScott called ‚ÄúNothing to Lose‚Äù. The Pastor is a winner and a great guy. Much can be learn‚Ä¶ https://t.co/HpvOlv2PrH
2020-06-06 03:15:09,en,0.0,7378.0,"RT @PastorDScott: Pastor Darrell Scott on growing concerns for social media's role in countrywide violence

https://t.co/HdA6KlZDQA"
2020-06-06 03:14:30,en,0.0,17539.0,RT @KayaJones: Here‚Äôs my grandparents &amp; great grandparents. They are rolling in their graves at the hatred that still exists. I‚Äôm biracial‚Ä¶
2020-06-06 02:57:49,en,118753.0,29320.0,‚ÄúThis is a flat out lie. They (the media) are making things up‚Äù @CharlesHurt  @IngrahamAngle The Lamestream Media i‚Ä¶ https://t.co/Yn5ZAKaEjR
2020-06-06 02:00:45,en,120098.0,36138.0,Crazy! https://t.co/8uSgJ6Yyx4
2020-06-06 01:56:15,en,0.0,32528.0,RT @realDonaldTrump: So great to have Michael home. Just arrived. Very exciting. Thank you to Iran. Don‚Äôt wait until after U.S. Election to‚Ä¶
2020-06-06 01:53:10,en,0.0,25444.0,"RT @charliekirk11: Fact:

Robert Mueller‚Äôs office deleted 19,000 text messages between Lisa Page and her lover Peter Strzok

How is that no‚Ä¶"
2020-06-06 01:45:11,en,0.0,17843.0,"RT @GOPLeader: America is opening up, and people are returning to work. Speaker Pelosi's reaction to today's great economic news?

She doub‚Ä¶"
2020-06-06 01:44:33,en,0.0,12836.0,"RT @SaraCarterDC: .@BurgessOwens: #Democrats Are 'Frantic' That The Black Vote Is Leaving Their Party 

""They try to do everything they can‚Ä¶"
2020-06-06 01:43:51,en,0.0,29699.0,RT @RichardGrenell: Wow! Jobs Not Mobs!
2020-06-06 01:42:55,en,0.0,5495.0,"RT @GreggJarrett: NYC Construction Workers Use Excavator to Save Gucci Handbags, Other Valuable Items From Looters https://t.co/LTOnXoY7WY"
2020-06-06 01:42:40,en,0.0,7176.0,RT @GreggJarrett: British Prime Minister ‚ÄòNo Choice‚Äô But to Offer Citizenship to Almost 3 Million Hong Kong Citizens https://t.co/CbPNsXxPOA
2020-06-06 01:42:31,en,0.0,14396.0,RT @GreggJarrett: Russia Hoax: Nearly Three Dozen Subpoenas Approved for Obama Administration Officials https://t.co/yOCofsiqhU
2020-06-06 01:41:45,en,0.0,8521.0,RT @LouDobbs: Pandering to the Protesters: @jasoninthehouse challenges LA mayor Eric Garcetti to get rid of his own security detail if he w‚Ä¶
2020-06-06 01:41:29,en,0.0,32293.0,RT @SenMikeLee: Just heard that Mayor Bowser is kicking the Utah National Guard out of all DC hotels tomorrow. More than 1200 troops from 1‚Ä¶
2020-06-06 01:40:43,en,0.0,14293.0,"RT @SenMikeLee: These brave men and women have risked their lives protecting DC for three days. Rioting, looting, arson, and vandalism have‚Ä¶"
2020-06-06 01:40:23,en,0.0,2728.0,"RT @TGowdySC: Would love for you to have a signed copy of my new book, Doesn't Hurt to Ask. Pre-order and get yours today and win your next‚Ä¶"
2020-06-06 01:39:38,en,0.0,8866.0,RT @DevinNunes: CA Socialist/Dem party cutting basic services like police/fire/teachers so they can continue funding boondoggles like this‚Ä¶
2020-06-06 01:38:56,en,0.0,11999.0,RT @DevinNunes: Just left the White House meeting with President Trump. If you‚Äôre ready to join the fight you can sign up here üëá https://t.‚Ä¶
2020-06-06 01:38:23,en,0.0,5579.0,RT @TomFitton: Mr. Rosenstein testified to Senate this week. He should also testify to a grand jury about the coup abuses of @realDonaldTru‚Ä¶
2020-06-06 01:37:58,en,0.0,6074.0,RT @TomFitton: Conservative activist turns tables on Dems over claims of voter suppression https://t.co/WWL0HCTusA #FoxNews
2020-06-06 01:36:56,en,0.0,9537.0,"RT @RedNationRising: .@TedCruz completely exposes how Barack Obama and Joe Biden unleashed, weaponized, and politicized the DOJ, FBI, and t‚Ä¶"
2020-06-06 01:36:28,en,69904.0,23251.0,Biden wants to Defund the Police! https://t.co/S7zVvXB4EM
2020-06-06 01:33:14,en,0.0,6554.0,RT @BlazeTV: WATCH: @TedCruz Goes NUCLEAR on Rod Rosenstein over the Russia probe. https://t.co/u6IBL60NeF
2020-06-06 01:32:48,en,0.0,7871.0,RT @bennyjohnson: Sen. @TedCruz: ‚ÄúEither you were complicit in the wrongdoing... or that the performance of your duties was grossly neglige‚Ä¶
2020-06-06 01:32:06,en,0.0,7938.0,"RT @thehill: Sen. Ted Cruz: ""Pause for a second and imagine how you would feel if Donald J. Trump¬†was doing exactly what Barack Obama and J‚Ä¶"
2020-06-06 01:31:25,en,0.0,6976.0,RT @tedcruz: NYT Book List is at it again. ‚Å¶@SenMcSallyAZ‚Å© book sold 10k+ but didn‚Äôt make the list. Got beat out by a book that sold 2k cop‚Ä¶
2020-06-06 01:29:46,en,54169.0,14634.0,We will always defend. Great job Jay! https://t.co/dn9GCseimv
2020-06-06 01:28:26,en,0.0,4625.0,"RT @JaySekulow: Radio: BREAKING: Unemployment Drops, U.S. Economy Adds 2.5 Million Jobs https://t.co/AUQASSr2Fb"
2020-06-06 01:27:57,en,0.0,3708.0,"RT @marklevinshow: Martha McSally‚Äôs new book, Dare to Fly: Simple Lessons in Never Giving Up, is out now!
https://t.co/wO2caoujb3"
2020-06-06 01:27:49,en,0.0,6533.0,"RT @marklevinshow: Martha McSally for U.S. Senate 

https://t.co/emq0MrfCnR"
2020-06-06 01:27:43,en,0.0,5638.0,"RT @marklevinshow: Enemy of the people

https://t.co/5Nhps4ltCO"
2020-06-06 01:27:16,en,0.0,5876.0,RT @benfergusonshow: FILE THIS UNDER SH!T you can‚Äôt make up YET ITS NOT FAKE NEWS!!!!!!
2020-06-06 01:26:57,en,70510.0,16874.0,You must be kidding??? This is a total disgrace! https://t.co/3QdaYCaiZS
2020-06-06 01:23:41,en,0.0,6626.0,"RT @WayneDupreeShow: It's time to Make America Normal Again, and this is the best KICK OFF ever!!! 

This will make your day, folks! Happy‚Ä¶"
2020-06-06 01:23:02,en,0.0,8095.0,RT @glennbeck: I don't care WHAT George Floyd did. The officer should have never treated him like that and killed him! But we still must as‚Ä¶
2020-06-06 01:21:51,en,0.0,2868.0,"RT @glennbeck: Tonight's special with CANDACE OWENS starts at 9:30pm ET, FREE on BlazeTV's YouTube channel: https://t.co/lhIbcsoLN5"
2020-06-06 01:03:50,en,0.0,9629.0,RT @DavidJHarrisJr: Still haven‚Äôt heard you take responsibility for the crime bill that led to the mass incarceration of my people @JoeBide‚Ä¶
2020-06-06 01:01:48,en,0.0,5769.0,"RT @DavidJHarrisJr: Lunatics are running the insane asylum...
https://t.co/I1Z8gmuay1"
2020-06-06 01:01:42,en,167989.0,33554.0,THANK YOU MAINE! #MAGA https://t.co/5De7t64zRj
2020-06-06 01:01:07,en,86264.0,34755.0,Twitter Pulls Trump Campaign Video of President Showing Empathy For Peaceful Protesters https://t.co/5DEIoPHsud  Th‚Ä¶ https://t.co/jPU9PdirBG
2020-06-06 00:58:23,en,0.0,7194.0,"RT @DavidJHarrisJr: Portland pays violent Antifa leader for getting hit with a rubber bullet.
https://t.co/DTnMSZox69"
2020-06-06 00:56:36,en,35300.0,12066.0,Democrat John Hickenlooper Held in Contempt After Failing to Comply with Subpoena over Ethics Complaint‚Ä¶ https://t.co/ttaoBiiPuQ
2020-06-06 00:52:19,en,0.0,29788.0,RT @RyanAFournier: Barack Obama put a target on the back of every cop in this country.
2020-06-06 00:52:17,en,0.0,8706.0,"RT @DavidJHarrisJr: Federal law enforcement is investigating the leaders of Antifa and BLM among others.

Throw the book at them!
https://t‚Ä¶"
2020-06-06 00:51:51,en,41778.0,11414.0,What a fantastic group! https://t.co/9Y9RX8BjNy
2020-06-06 00:50:58,en,0.0,14438.0,"RT @DavidJHarrisJr: To all the celebrities posting memes connecting the cop that killed George Floyd to President @realDonaldTrump...

Stop‚Ä¶"
2020-06-06 00:50:12,en,74640.0,18588.0,Great! https://t.co/uORB98BVvk
2020-06-06 00:47:43,en,0.0,5984.0,"RT @WayneDupreeShow: No one will accuse ANTIFA of being ""brainiacs"" will they? ü§£üòÜ

https://t.co/hyppjXhEOB"
2020-06-06 00:46:52,en,0.0,8562.0,"RT @PaigeCaporicci: @_ReaalAmerican_ @PressSec @realDonaldTrump Obama made no change with the deaths of Trayvon Martin, Michael Brown &amp; Eri‚Ä¶"
2020-06-05 23:10:37,en,151237.0,37595.0,".@MayorBowser is grossly incompetent, and in no way qualified to be running an important city like Washington, D.C.‚Ä¶ https://t.co/v6CWzIUfay"
2020-06-05 20:09:32,en,0.0,7828.0,RT @WhiteHouse: LIVE: POTUS delivers remarks at Puritan Medical Products https://t.co/mGmbvEJNpc
2020-06-05 20:08:28,en,215114.0,43880.0,"...We should be standing up straight and tall, ideally with a salute, or a hand on heart. There are other things yo‚Ä¶ https://t.co/iuOcK6dgZJ"
2020-06-05 20:08:28,en,283776.0,52844.0,"I am a big fan of Drew Brees. I think he‚Äôs truly one of the greatest quarterbacks, but he should not have taken bac‚Ä¶ https://t.co/Ya3ElIg9H2"
2020-06-05 19:23:22,en,0.0,10990.0,"RT @SenateGOP: Weeee‚Äôre baaaack!!! üá∫üá∏
 
jobs ‚Üí jobs ‚Üí JOBS! https://t.co/o2pLkjczdd"
2020-06-05 18:17:24,en,0.0,7930.0,RT @WhiteHouse: LIVE: POTUS participates in a roundtable https://t.co/BBzgcZ76aD
2020-06-05 18:04:31,en,88706.0,19556.0,"...over the last number of nights. If she doesn‚Äôt treat these men and women well, then we‚Äôll bring in a different group of men and women!"
2020-06-05 18:04:30,en,123248.0,30513.0,"The incompetent Mayor of Washington, D.C., @MayorBowser, who‚Äôs budget is totally out of control and is constantly c‚Ä¶ https://t.co/ekn7VlW4uD"
2020-06-05 17:28:22,en,59467.0,14744.0,I just signed the Paycheck Protection Program Flexibility Act to further improve our VERY POPULAR AND SUCCESSFUL pr‚Ä¶ https://t.co/HoUavzMyCJ
2020-06-05 16:32:29,und,115198.0,27845.0,https://t.co/MpWGPExQ3E
2020-06-05 16:31:16,en,81158.0,20914.0,Greatest Top Five Monthly Jobs Gains in HISTORY. We are #1! https://t.co/Cs8NEFbHG0
2020-06-05 16:29:13,en,81756.0,15340.0,‚ÄúReally great numbers by any standard - UNBELIEVABLE!‚Äù @JoeSquawk Joe go it right also!
2020-06-05 15:45:26,en,0.0,12201.0,"RT @TeamTrump: ""Equal justice under the law must mean that every American receives equal treatment in every encounter with law enforcement‚Ä¶"
2020-06-05 15:44:05,en,0.0,16122.0,"RT @Rasmussen_Poll: Reader Tip: Coming Later

Our Daily Presidential Tracking poll today shows Black Likely Voter approval of the job @real‚Ä¶"
2020-06-05 15:43:51,en,0.0,51418.0,RT @marklevinshow: A vote for Trump is a vote for jobs. A vote for Biden is a vote for mobs.
2020-06-05 15:43:43,en,0.0,8207.0,RT @WhiteHouse: The job surge we're seeing is widespread across American industries! https://t.co/zLyqEykO3Y
2020-06-05 15:43:41,en,0.0,12808.0,"RT @WhiteHouse: ""Equal justice under the law must mean that every American receives equal treatment in every encounter with law enforcement‚Ä¶"
2020-06-05 15:43:31,en,0.0,9518.0,"RT @WhiteHouse: With 2.5 MILLION jobs added in May, we're on the way to an incredible period of growth! üî• https://t.co/gRrmte6xS3"
2020-06-05 13:01:38,en,87613.0,15108.0,It is a stunner by any stretch of the imagination! @CNBC
2020-06-05 12:59:17,en,72906.0,15769.0,"It‚Äôs a stupendous number. It‚Äôs joyous, let‚Äôs call it like it is. The Market was right. It‚Äôs stunning! @jimcramer  @CNBC"
2020-06-05 12:54:18,en,140641.0,26226.0,"Oh no, the Dems are worried again. The only one that can kill this comeback is Sleepy Joe Biden!"
2020-06-05 12:51:00,en,101929.0,21499.0,"Congratulations to wonderful Charles Payne on having been so optimistic, and therefore correct. Market up BIG!!!"
2020-06-05 12:48:41,en,111823.0,19168.0,I will be doing a News Conference at 10:00 A.M. on the Jobs Numbers! White House.
2020-06-05 12:43:18,en,76818.0,15058.0,This is an AMAZING JOBS REPORT! Edward Lawrence @FoxNews
2020-06-05 12:41:31,en,79349.0,16622.0,I am so stunned. I‚Äôve never seen numbers like this and I‚Äôve been doing this for 30 years! Steve M. @MariaBartiromo
2020-06-05 12:34:09,en,87451.0,16263.0,THESE NUMBERS ARE INCREDIBLE! @MariaBartiromo
2020-06-05 12:33:10,en,177627.0,28485.0,Really Big Jobs Report. Great going President Trump (kidding but true)!
2020-06-05 12:29:45,en,0.0,3989.0,RT @SenatorEnzi: The unprecedented COVID-19 pandemic has highlighted the need for better federal budgeting. We had the financial tools to a‚Ä¶
2020-06-05 12:28:47,en,0.0,4735.0,"RT @SenMcSallyAZ: Yesterday, the Senate passed legislation to improve the Paycheck Protection Program and grant greater flexibility to our‚Ä¶"
2020-06-05 12:28:29,en,0.0,4927.0,"RT @SenMcSallyAZ: Great to hear that Navy veteran Michael White is on his way home to America!
https://t.co/ppK0OJmtKA"
2020-06-05 12:28:13,en,0.0,2814.0,RT @SenMcSallyAZ: I spoke to Arizonans during a telephone town hall earlier this week about what‚Äôs happening in our country right now. (1/4‚Ä¶
2020-06-05 12:28:06,en,0.0,3668.0,"RT @SenMcSallyAZ: I led a letter to @TheJusticeDept w/ Sens Grassley, Crapo, &amp; Tillis requesting an update on the financial status of the C‚Ä¶"
2020-06-05 12:27:13,en,0.0,4935.0,"RT @SenTomCotton: In particular, I‚Äôm pleased the administration will be adopting policies similar to my PLA Visa Security Act. America‚Äôs so‚Ä¶"
2020-06-05 12:26:53,en,0.0,6223.0,RT @SenTomCotton: The president should use the Insurrection Act to deploy active-duty military forces to these cities to support local law‚Ä¶
2020-06-05 12:26:43,en,0.0,7637.0,"RT @SenTomCotton: We should have zero tolerance for anarchy, rioting, and looting. 

If necessary, the president should use the Insurrectio‚Ä¶"
2020-06-05 12:26:33,en,0.0,5439.0,RT @SenTomCotton: Judge Sullivan is abusing his judicial power for political purposes. It‚Äôs time for General Flynn‚Äôs nightmare to end. I‚Äôm‚Ä¶
2020-06-05 12:26:23,en,0.0,6413.0,"RT @SenTomCotton: The carnage caused by domestic terrorists and other criminals threatens all law-abiding citizens, including peaceful prot‚Ä¶"
2020-06-05 12:26:05,en,0.0,21493.0,RT @SenTomCotton: To those who claim the military has no role in stopping anarchists and other criminals from tearing apart our cities: rea‚Ä¶
2020-06-05 12:25:51,en,0.0,4544.0,"RT @SenTomCotton: There‚Äôs no one better equipped to handle a crisis like this than General Milley. Our thanks to him, our troops, and feder‚Ä¶"
2020-06-05 12:25:44,en,0.0,4221.0,"RT @SenTomCotton: Violent anarchists and insurrectionists were once again allowed to rule the streets last night in too many cities. 

The‚Ä¶"
2020-06-05 12:25:24,en,0.0,4703.0,RT @SenTomCotton: I applaud the U.K.‚Äôs decision to open its arms to Hong Kongers fleeing the tyrannical regime in Beijing. Hong Kongers sho‚Ä¶
2020-06-05 12:25:06,en,0.0,4083.0,RT @SenTomCotton: There is both a legal basis and a long historical precedent for using our National Guard and‚Äîif necessary‚Äîfederal troops‚Ä¶
2020-06-05 12:24:45,en,0.0,6873.0,RT @SenTomCotton: I call upon the administration to prioritize the admission of persecuted Hong Kongers to the United States through the U.‚Ä¶
